residue1	atom1	residue2	atom2	distance	source
ASN:A:64	ND2	NAG:B:1	C1	1.383	distance
ASN:A:103	ND2	NAG:C:1	C1	1.357	distance
ASN:A:165	ND2	NAG:D:1	C1	1.383	distance
NAG:B:1	O4	NAG:B:2	C1	1.393	distance
NAG:B:2	O4	MAN:B:3	C1	1.414	distance
MAN:B:3	O3	MAN:B:4	C1	1.289	distance
MAN:B:3	O6	MAN:B:5	C1	1.417	distance
MAN:B:4	O2	MAN:B:6	C1	1.434	distance
MAN:B:5	O3	MAN:B:8	C1	1.416	distance
MAN:B:5	O6	MAN:B:10	C1	1.442	distance
MAN:B:6	O2	MAN:B:7	C1	1.359	distance
MAN:B:8	O2	MAN:B:9	C1	1.362	distance
MAN:B:10	O2	MAN:B:11	C1	1.388	distance
NAG:C:1	O4	NAG:C:2	C1	1.414	distance
NAG:C:2	O4	MAN:C:3	C1	1.4	distance
MAN:C:3	O3	MAN:C:4	C1	1.283	distance
MAN:C:3	O6	MAN:C:5	C1	1.398	distance
MAN:C:4	O2	MAN:C:6	C1	1.426	distance
MAN:C:5	O3	MAN:C:8	C1	1.398	distance
MAN:C:5	O6	MAN:C:10	C1	1.443	distance
MAN:C:6	O2	MAN:C:7	C1	1.359	distance
MAN:C:8	O2	MAN:C:9	C1	1.197	distance
MAN:C:10	O2	MAN:C:11	C1	1.367	distance
NAG:D:1	O4	NAG:D:2	C1	1.423	distance
NAG:D:2	O4	MAN:D:3	C1	1.403	distance
MAN:D:3	O3	MAN:D:4	C1	1.258	distance
MAN:D:3	O6	MAN:D:5	C1	1.402	distance
MAN:D:4	O2	MAN:D:6	C1	1.441	distance
MAN:D:5	O3	MAN:D:8	C1	1.401	distance
MAN:D:5	O6	MAN:D:10	C1	1.449	distance
MAN:D:6	O2	MAN:D:7	C1	1.343	distance
MAN:D:8	O2	MAN:D:9	C1	1.051	distance
MAN:D:10	O2	MAN:D:11	C1	1.356	distance
