residue	resname	template	confidence	reason	external_atoms
MAN:B:3	MAN	0MA	high	Matched GLYCAM template 0MA by external atoms ['C1']	C1
MAN:C:3	MAN	0MA	high	Matched GLYCAM template 0MA by external atoms ['C1']	C1
MAN:D:3	MAN	0MA	high	Matched GLYCAM template 0MA by external atoms ['C1']	C1
MAN:E:3	MAN	0MA	high	Matched GLYCAM template 0MA by external atoms ['C1']	C1
MAN:F:3	MAN	0MA	high	Matched GLYCAM template 0MA by external atoms ['C1']	C1
MAN:G:3	MAN	0MA	high	Matched GLYCAM template 0MA by external atoms ['C1']	C1
NAG:B:1	NAG	4YB	high	Matched GLYCAM template 4YB by external atoms ['C1', 'O4']	C1,O4
NAG:B:2	NAG	4YB	high	Matched GLYCAM template 4YB by external atoms ['C1', 'O4']	C1,O4
NAG:C:1	NAG	4YB	high	Matched GLYCAM template 4YB by external atoms ['C1', 'O4']	C1,O4
NAG:C:2	NAG	4YB	high	Matched GLYCAM template 4YB by external atoms ['C1', 'O4']	C1,O4
NAG:D:1	NAG	4YB	high	Matched GLYCAM template 4YB by external atoms ['C1', 'O4']	C1,O4
NAG:D:2	NAG	4YB	high	Matched GLYCAM template 4YB by external atoms ['C1', 'O4']	C1,O4
NAG:E:1	NAG	4YB	high	Matched GLYCAM template 4YB by external atoms ['C1', 'O4']	C1,O4
NAG:E:2	NAG	4YB	high	Matched GLYCAM template 4YB by external atoms ['C1', 'O4']	C1,O4
NAG:F:1	NAG	4YB	high	Matched GLYCAM template 4YB by external atoms ['C1', 'O4']	C1,O4
NAG:F:2	NAG	4YB	high	Matched GLYCAM template 4YB by external atoms ['C1', 'O4']	C1,O4
NAG:G:1	NAG	4YB	high	Matched GLYCAM template 4YB by external atoms ['C1', 'O4']	C1,O4
NAG:G:2	NAG	4YB	high	Matched GLYCAM template 4YB by external atoms ['C1', 'O4']	C1,O4
